Año,Población España,Total Generado España,Total Recogida Selectiva,Total Resto,RS / RE % Total,FR / RE % Total
2012,46818219,21896335,6522002,15374333,29.79,70.21
2014,46512199,20836408,6419769,14416639,30.81,69.19
2015,46449565,21157827,6343909,14813919,29.98,70.02
2016,46440099,21541841,7294915,14246925,33.86,66.14
2017,46528966,22017864,7950973,14066891,36.11,63.89
2018,46658447,22264824,7797424,14467399,35.02,64.98
2019,46937060,22261690,8451121,13810568,37.96,62.04
2020,47332614,21989316,8919822,13069494,40.56,59.44
